node_id;name;valid_dir;pk_rel;pk_abs;node_type;stop_slow;stop_fast;y;altitude;coord_x;coord_y;scenario;exclude_scenario
ME;Merano;both;0;31,483;LdS;1;1;0;301,5;11,149047;46,673091;base;
Dev_ME_01;Deviatoio Merano 01;;0,317;31,8;SC;0;0;0;302,79;11,144801;46,676356;base;
Pa_ME;Part. Merano;malles;0,572;32,055;signal_mainline;0;0;0;307,71;11,14407;46,676806;base;
SC_ME;SC LT ETCS Merano;merano;0,636;32,119;signal_mainline;0;0;0;308,94;11,143177;46,677071;base;
Pr_ME_LT;Prot. Merano LT ETCS;merano;0,766;32,249;signal_mainline;0;0;0;311,45;11,141548;46,677419;base;
Pr_E_LAG_01;Prot. Est. Lagundo 01;malles;1,247;32,73;signal_mainline;0;0;0;320,72;11,13551;46,678623;base;
Pa_LAG_31;Part. Lagundo 31;merano;1,402;32,885;signal_mainline;0;0;0;323,71;11,133563;46,678967;base;
LAG;Lagundo;;1,517;33;LdS;1;0;0;324;11,132069;46,678847;base;
Pa_LAG_32;Part. Lagundo 32;malles;1,592;33,075;signal_mainline;0;0;0;324;11,131204;46,678768;base;
Dev_LAG_02;Deviatoio Lagundo 02;;1,642;33,125;SC;0;0;0;324;11,130789;46,678696;base;
Pr_E_LAG_02;Prot. Est. Lagundo 02;merano;1,742;33,225;signal_mainline;0;0;0;326,69;11,129514;46,678016;base;
Pr_E_MAR_01;Prot. Est. Marlengo 01;malles;2,872;34,355;signal_mainline;0;0;0;350,98;11,133554;46,669131;base;
Pr_I_MAR_91;Prot. Int. N3 Marlengo 91;malles;2,972;34,455;signal_mainline;0;0;0;353,13;11,134166;46,668343;base;
PL04;PL04;;2,998;34,481;PL;0;0;0;353,69;11,134379;46,668156;base;
Pa_E_MAR_81;Part. Est. Marlengo 81;merano;3,022;34,505;signal_mainline;0;0;0;354,2;11,13458;46,667995;base;
Pr_I_MAR_71;Prot. Int. N2 Marlengo 71;malles;3,182;34,665;signal_mainline;0;0;0;357,64;11,135881;46,666866;base;
PL05;PL05 Marlengo;;3,205;34,688;PL;0;0;0;358,13;11,136069;46,666707;base;
Pa_I_MAR_61;Part. Int. N1 Marlengo 61;merano;3,226;34,709;signal_mainline;0;0;0;358,59;11,136242;46,666552;base;
Pr_I_MAR_51;Prot. Int. N1 Marlengo 51;malles;3,285;34,768;signal_mainline;0;0;0;359,85;11,136745;46,666158;base;
Dev_MAR_01;Deviatoio Marlengo 01;;3,335;34,818;SC;0;0;0;360,93;11,137334;46,665766;base;
Pa_I_MAR_31;Part. Int. N2 Marlengo 31;merano;3,413;34,896;signal_mainline;0;0;0;362,61;11,13792;46,665308;base;
MAR;Marlengo;;3,566;35,049;LdS;1;0;0;365,89;11,138816;46,664111;base;
Pa_I_MAR_32;Part. Int. Marlengo 32;malles;3,647;35,13;signal_mainline;0;0;0;367,64;11,139198;46,663457;base;
Dev_MAR_02;Deviatoio Marlengo 02;;3,739;35,222;SC;0;0;0;369,61;11,139717;46,662718;base;
PL06;PL06;;3,753;35,236;PL;0;0;0;369,91;11,139792;46,662589;base;
Pr_I_MAR_52;Prot. Int. N1 Marlengo 52;merano;3,784;35,267;signal_mainline;0;0;0;370;11,139949;46,662328;base;
Pa_E_MAR_62;Part. Est. Marlengo 62;malles;3,976;35,459;signal_mainline;0;0;0;370;11,140529;46,660669;base;
PL06bis;PL06bis;;3,999;35,482;PL;0;0;0;370;11,140517;46,660462;base;
Pr_I_MAR_72;Prot. Int. N2 Marlengo 72;merano;4,022;35,505;signal_mainline;0;0;0;370;11,140504;46,660255;base;
Pr_E_MAR_02;Prot. Est. Marlengo 02;merano;4,126;35,609;signal_mainline;0;0;0;370;11,140183;46,659355;base;
IG_MAR;Imbocco Galleria di Marlengo;;4,311;35,794;Tunnel;0;0;0;371,29;11,138291;46,658418;base;
SG_MAR;Sbocco Galleria di Marlengo;;4,909;36,392;Tunnel;0;0;0;385,55;11,136772;46,662307;base;
HD_201_02;HD 201/02;both;5,126;36,609;signal_mainline;0;0;0;390,73;11,136239;46,664128;base;
HD_201_04;HD 201/04;both;6,126;37,609;signal_mainline;0;0;0;414,58;11,12895;46,671366;base;
HD_201_06;HD 201/06;both;7,126;38,609;signal_mainline;0;0;0;438,43;11,117966;46,674086;base;
IG_GIU;Imbocco Galleria Monte Giuseppe;;7,127;38,61;Tunnel;0;0;0;438,43;11,117842;46,674142;base;
SG_GIU;Sbocco Galleria Monte Giuseppe;;8,107;39,59;Tunnel;0;0;0;461,82;11,105921;46,675276;base;
HD_201_08;HD 201/08;both;8,126;39,609;signal_mainline;0;0;0;462,27;11,105753;46,675402;base;
IG_ART;Imbocco Galleria artificiale;;8,169;39,652;Tunnel;0;0;0;463,3;11,105302;46,67563;base;
SG_ART;Sbocco Galleria artificiale;;8,249;39,732;Tunnel;0;0;0;465,21;11,104324;46,67587;base;
IG_TEL;Imbocco Galleria di Tel;;8,608;40,091;Tunnel;0;0;0;473,77;11,099929;46,67682;base;
HD_201_10;HD 201/10;both;9,126;40,609;signal_mainline;0;0;0;486,12;11,093855;46,678875;base;
SG_TEL;Sbocco Galleria di Tel;;9,292;40,775;Tunnel;0;0;0;490,08;11,091769;46,679263;base;
Pr_E_TEL_01;Prot. Est. Tel 01;malles;9,743;41,226;signal_mainline;0;0;0;500,34;11,086657;46,677425;base;
Pr_I_TEL_91;Prot. Int. N3 Tel 91;merano;9,865;41,348;signal_mainline;0;0;0;503,11;11,085497;46,676886;base;
PL07;PL07;;9,898;41,381;PL;0;0;0;503,85;11,085181;46,676729;base;
Pa_E_TEL_61;Part. Est. Tel 61;merano;9,913;41,396;signal_mainline;0;0;0;504,19;11,084875;46,676518;base;
Pr_I_TEL_71;Prot. Int. N2 Tel 71;malles;10,074;41,557;signal_mainline;0;0;0;507,85;11,083848;46,675263;base;
Dev_TEL_01;Deviatoio Tel 01;;10,124;41,607;SC;0;0;0;508,98;11,083556;46,674859;base;
Pa_I_TEL_31b;Part. Int. N1 Tel 31b;merano;10,2;41,683;signal_mainline;0;0;0;510,06;11,083031;46,67425;base;
Pr_I_TEL_51;Prot. Int. N1 Tel 51;malles;10,303;41,786;signal_mainline;0;0;0;510,27;11,082209;46,673558;base;
Pa_I_TEL_31a;Part. Int. N2 Tel 31a;merano;10,345;41,828;signal_mainline;0;0;0;510,35;11,081836;46,673271;base;
TEL;Tel;;10,419;41,902;LdS;1;0;0;510,5;11,081243;46,672809;base;
Pa_I_TEL_32;Part. Int. Tel 32;malles;10,544;42,027;signal_mainline;0;0;0;510,75;11,080163;46,671939;base;
Dev_TEL_02;Deviatoio Tel 02;;10,63;42,113;SC;0;0;0;510,92;11,079696;46,67153;base;
Pr_I_TEL_52;Prot. Int. Tel 52;merano;10,699;42,182;signal_mainline;0;0;0;511,1;11,078856;46,670869;base;
Pa_E_TEL_62;Part. Est. Tel 62;malles;10,85;42,333;signal_mainline;0;0;0;511,58;11,077485;46,669871;base;
Pr_E_TEL_02;Prot. Est. Tel 02;merano;11;42,483;signal_mainline;0;0;0;512,07;11,07606;46,668946;base;
Pr_E_RAB_01;Prot. Est. Rabla 01;malles;11,52;43,003;signal_mainline;0;0;0;513,75;11,070353;46,666415;base;
Pr_I_RAB_51;Prot. Int. Rabla 51;malles;11,622;43,105;signal_mainline;0;0;0;514;11,069329;46,665986;base;
PL08;PL08;;11,647;43,13;PL;0;0;0;514;11,069077;46,665876;base;
Pa_I_RAB_31;Part. Int. Rabla 31;merano;11,67;43,153;signal_mainline;0;0;0;514;11,068678;46,665714;base;
RAB;Rabla;;11,699;43,182;LdS;1;0;0;514;11,068353;46,66558;base;
Pa_RAB_32;Part. Rabla 32;malles;11,818;43,301;signal_mainline;0;0;0;514,05;11,067025;46,665024;base;
Pr_E_RAB_02;Prot. Est. Rabla 02;merano;11,968;43,451;signal_mainline;0;0;0;514,48;11,065349;46,664323;base;
HD_302_02;HD 302/02;both;12,968;44,451;signal_mainline;0;0;0;517,35;11,053404;46,661093;base;
Pr_E_PLA_01;Prot. Est. Plaus 01;malles;13,731;45,214;signal_mainline;0;0;0;519,54;11,044199;46,659757;base;
Dev_01_PLA;Deviatoio 01 Plaus;;13,831;45,314;SC;0;0;0;519,54;11,043135;46,659323;base;
Pa_PLA_31;Part. Plaus 31;merano;13,881;45,364;signal_mainline;0;0;0;519,97;11,042148;46,658921;base;
PLA;Plaus;;13,991;45,474;LdS;1;0;0;520;11,041026;46,658452;base;
Pa_PLA_32;Part. Plaus 32;malles;14,029;45,512;signal_mainline;0;0;0;520;11,04064;46,658297;base;
PL09;PL09;;14,053;45,536;PL;0;0;0;520;11,04035;46,658187;base;
Pr_I_PLA_52;Prot. Int. Plaus 52;merano;14,078;45,561;signal_mainline;0;0;0;520;11,039937;46,658014;base;
Pr_E_PLA_02;Prot. Est. Plaus 02;merano;14,178;45,661;signal_mainline;0;0;0;520,37;11,038815;46,657553;base;
HD_303_02;HD 303/02;both;15,178;46,661;signal_mainline;0;0;0;524,58;11,027587;46,652954;base;
HD_303_04;HD 303/04;both;16,178;47,661;signal_mainline;0;0;0;528,79;11,01698;46,647724;base;
km48500;km48500;;17,017;48,5;km;0;0;0;532,33;11,00693;46,645146;base;
Pr_E_NAT_01;Prot. Est. Naturno 01;malles;17,058;48,541;signal_mainline;0;0;0;532,5;11,006388;46,645124;base;
Pr_I_NAT_51;Prot. Int. Naturno 51;malles;17,148;48,631;signal_mainline;0;0;0;532,88;11,005214;46,645083;base;
PL10;PL10;;17,178;48,661;PL;0;0;0;533;11,004994;46,645085;base;
Dev_NAT_01;Deviatoio Naturno 01;;17,2;48,692;SC;0;0;0;533;11,004833;46,645091;base;
Pa_NAT_31;Part. Naturno 31;merano;17,208;48,691;signal_mainline;0;0;0;533;11,004432;46,645113;base;
NAT;Naturno;;17,277;48,76;LdS;1;1;0;533;11,003543;46,645212;base;
Pa_NAT_32;Part. Naturno 32;malles;17,369;48,852;signal_mainline;0;0;0;533;11,002596;46,64536;base;
Dev_NAT_02;Deviatoio Naturno 02;;17,5;48,992;SC;0;0;0;533;11,002175;46,645422;base;
Pr_E_NAT_02;Prot. Est. Naturno 02;merano;17,518;49,001;signal_mainline;0;0;0;533,84;11,000482;46,645715;base;
Pr_E_PL11_01;Prot. Est. PL11 01;malles;18,105;49,588;signal_mainline;0;0;0;537,34;10,993473;46,647852;base;
Pr_I_PL11_51;Prot. Int. PL11 51;malles;18,206;49,689;signal_mainline;0;0;0;537,94;10,992342;46,648147;base;
PL11;PL11;;18,232;49,715;PL;0;0;0;538,1;10,992049;46,648166;base;
Pr_I_PL11_52;Prot. Int. PL11 52;merano;18,255;49,738;signal_mainline;0;0;0;538,24;10,991679;46,648156;base;
Dev_PL11_02;Deviatoio PL11 02;;18,3;49,783;SC;0;0;0;538,24;10,991521;46,648134;base;
Pr_E_PL11_02;Prot. Est. PL11 02;merano;18,356;49,839;signal_mainline;0;0;0;538,84;10,990311;46,647963;base;
SblNatKomp;SblNatKomp;;18,397;49,88;Sbl;0;0;0;539,18;10,989759;46,647875;base;
Pr_E_STA_01;Prot. Est. Stava 01;malles;19,231;50,714;signal_mainline;0;0;0;549,93;10,979352;46,646756;base;
Pa_E_STA_61;Part. Est. Stava 61;merano;19,381;50,864;signal_mainline;0;0;0;551,86;10,977408;46,646923;base;
Pr_I_STA_51;Prot. Int. Stava 51;malles;19,523;51,006;signal_mainline;0;0;0;553,69;10,975558;46,646943;base;
Dev_STA_01;Deviatoio Stava 01;;19,573;51,056;SC;0;0;0;554;10,974921;46,64689;base;
Pa_I_STA_31;Part. Int. Stava 31;merano;19,683;51,166;signal_mainline;0;0;0;554;10,973459;46,646776;base;
STA;Stava;;19,797;51,28;LdS;1;0;0;554;10,972008;46,646626;base;
Pa_I_STA_32;Part. Int. Stava 32;malles;19,863;51,346;signal_mainline;0;0;0;554;10,97115;46,646549;base;
Dev_STA_02;Deviatoio Stava 02;;19,949;51,432;SC;0;0;0;554;10,969983;46,646396;base;
Pr_I_STA_52;Prot. Int. N1 Stava 52;merano;19,999;51,482;signal_mainline;0;0;0;554;10,969352;46,646326;base;
Pa_E_STA_62;Part. Est. Stava 62;malles;20,275;51,758;signal_mainline;0;0;0;554;10,966155;46,645317;base;
PL12;PL12;;20,298;51,781;PL;0;0;0;554;10,965872;46,645285;base;
Pr_I_STA_72;Prot. Int. N2 Stava 72;merano;20,325;51,808;signal_mainline;0;0;0;554;10,965509;46,645252;base;
Pr_E_STA_02;Prot. Est. Stava 02;merano;20,426;51,909;signal_mainline;0;0;0;554,09;10,964261;46,644971;base;
km52000;km52000;;20,517;52;km;0;0;0;554,39;10,963234;46,644559;base;
Dev_PL13_01;Deviatoio PL13 01;;21,429;52,912;SC;0;0;0;557,38;10,952986;46,640421;base;
Pr_E_PL13_01;Prot. Est. PL13 01;malles;21,479;52,962;signal_mainline;0;0;0;557,55;10,95242;46,640189;base;
SblStab21529;SblStab21529;;21,529;53,012;Sbl;0;0;0;557,72;10,951848;46,639959;base;
Pr_I_PL13_51;Prot. Int. PL13 51;malles;21,582;53,065;signal_mainline;0;0;0;557,89;10,951476;46,6398;base;
PL13;PL13;;21,606;53,089;PL;0;0;0;557,97;10,951129;46,639657;base;
Pr_I_PL13_52;Prot. Int. PL13 52;merano;21,63;53,113;signal_mainline;0;0;0;558,05;10,950751;46,639502;base;
Pr_E_PL13_02;Prot. Est. PL13 02;merano;21,733;53,216;signal_mainline;0;0;0;558,39;10,949552;46,639005;base;
Pr_E_CIA_01;Prot. Est. Ciardes 01;malles;22,307;53,79;signal_mainline;0;0;0;560,27;10,943112;46,636369;base;
Pa_CIA_31;Part. Ciardes 31;merano;22,457;53,94;signal_mainline;0;0;0;560,76;10,941377;46,635669;base;
CIA;Ciardes;;22,578;54,061;LdS;1;0;0;561;10,940368;46,635264;base;
Pa_CIA_32;Part. Ciardes 32;malles;22,605;54,088;signal_mainline;0;0;0;561;10,939969;46,6351;base;
PL14;PL14;;22,629;54,112;PL;0;0;0;561;10,939631;46,63496;base;
Pr_I_CIA_62;Prot. Int. Ciardes 62;merano;22,653;54,136;signal_mainline;0;0;0;561;10,939204;46,634791;base;
Pr_E_CIA_02;Prot. Est. Ciardes 02;merano;22,756;54,239;signal_mainline;0;0;0;561,21;10,938043;46,634312;base;
HD_403_02;HD 403/02;both;23,756;55,239;signal_mainline;0;0;0;569,08;10,926794;46,629739;base;
km55900;km55900;;24,417;55,9;km;0;0;0;574,28;10,919414;46,626677;base;
SblStab24529;SblStab24529;;24,529;56,012;Sbl;0;0;0;575,16;10,918157;46,626162;base;
Pr_E_PL15_01;Prot. Est. PL15 01;malles;24,625;56,108;signal_mainline;0;0;0;575,92;10,917138;46,625815;base;
Dev_PL15_01;Deviatoio PL15 01;;24,725;56,208;SC;0;0;0;576,71;10,915979;46,625528;base;
Pr_I_PL15_51;Prot. Int. PL15 51;malles;24,729;56,212;signal_mainline;0;0;0;576,74;10,91581;46,625491;base;
PL15;PL15;;24,752;56,235;PL;0;0;0;576,92;10,915628;46,625458;base;
Pr_I_PL15_52;Prot. Int. PL15 52;merano;24,775;56,258;signal_mainline;0;0;0;577,1;10,91518;46,625392;base;
Pr_E_PL15_02;Prot. Est. PL15 02;merano;24,879;56,362;signal_mainline;0;0;0;577,92;10,913812;46,625285;base;
km57000;km57000;;25,517;57;km;0;0;0;582,94;10,90597;46,626908;base;
Pr_E_CAB_01;Prot. Est. Castelbello 01;malles;25,869;57,352;signal_mainline;0;0;0;585,71;10,901557;46,627431;base;
Pr_I_CAB_71;Prot. Int. N2 Castelbello 71;malles;25,968;57,451;signal_mainline;0;0;0;586,49;10,900589;46,627105;base;
PL16;PL16;;25,995;57,478;PL;0;0;0;586,7;10,900189;46,627009;base;
Pa_E_CAB_61;Part. Est. Castelbello 61;merano;26,019;57,502;signal_mainline;0;0;0;586,89;10,899745;46,626935;base;
Pr_I_CAB_51;Prot. Int. N1 Castelbello 51;malles;26,062;57,545;signal_mainline;0;0;0;587;10,899349;46,626933;base;
PL17;PL17;;26,087;57,57;PL;0;0;0;587;10,899022;46,626933;base;
Pa_I_CAB_31;Part. Int. Castelbello 31;merano;26,112;57,595;signal_mainline;0;0;0;587;10,898532;46,626954;base;
CAB;Castelbello;;26,133;57,616;LdS;1;0;0;587;10,898258;46,626965;base;
Pa_CAB_32;Part. Castelbello 32;malles;26,262;57,745;signal_mainline;0;0;0;587,5;10,896577;46,627031;base;
Pr_E_CAB_02;Prot. Est. Castelbello 02;merano;26,412;57,895;signal_mainline;0;0;0;590,07;10,894696;46,626689;base;
HD_405_02;HD 405/02;both;27,494;58,977;signal_mainline;0;0;0;608,66;10,882095;46,623598;base;
km60000;km60000;;28,517;60;km;0;0;0;626,23;10,869324;46,622059;base;
Pr_E_LAC_01;Prot. Est. Laces 01;malles;28,658;60,141;signal_mainline;0;0;0;628,65;10,867742;46,62141;base;
PL18;PL18;;28,782;60,265;PL;0;0;0;630,78;10,866514;46,620853;base;
Pr_I_LAC_71;Prot. Int. N2 Laces 71;malles;28,784;60,267;signal_mainline;0;0;0;630,82;10,86637;46,620783;base;
Pa_E_LAC_61;Part. Est. Laces 61;merano;28,808;60,291;signal_mainline;0;0;0;631,23;10,866101;46,620675;base;
Pr_I_LAC_51;Prot. Int. N1 Laces 51;malles;29,033;60,516;signal_mainline;0;0;0;633;10,86355;46,619786;base;
Dev_LAC_01;Deviatoio Laces 01;;29,083;60,566;SC;0;0;0;633;10,862834;46,619758;base;
Pa_I_LAC_31;Part. Int. Laces 31;merano;29,201;60,684;signal_mainline;0;0;0;633;10,861324;46,619722;base;
LAC;Laces;;29,261;60,744;LdS;1;1;0;633;10,860398;46,619711;base;
Pa_I_LAC_32;Part. Int. Laces 32;malles;29,364;60,847;signal_mainline;0;0;0;633;10,85921;46,619694;base;
Dev_LAC_02;Deviatoio Laces 02;;29,48;60,963;SC;0;0;0;633,73;10,858022;46,619681;base;
Pr_I_LAC_52;Prot. Int. N1 Laces 52;merano;29,53;61,013;signal_mainline;0;0;0;634,26;10,857024;46,619655;base;
Pa_E_LAC_62;Part. Est. Laces 62;malles;30,01;61,493;signal_mainline;0;0;0;639,32;10,851035;46,61925;base;
PL19;PL19;;30,031;61,514;PL;0;0;0;639,54;10,850716;46,619222;base;
Pr_I_LAC_72;Prot. Int. N2 Laces 72;merano;30,055;61,538;signal_mainline;0;0;0;639,8;10,850217;46,61918;base;
Pr_E_LAC_02;Prot. Est. Laces 02;merano;30,16;61,643;signal_mainline;0;0;0;640,9;10,848846;46,619071;base;
SblLac31026;SblLac31026;;31,026;62,509;signal_mainline;0;0;0;650,04;10,838237;46,616837;base;
HD_501_02;HD 501/02;both;31,16;62,643;signal_mainline;0;0;0;651,46;10,836564;46,617231;base;
Pr_E_COLD_01;Prot. Est. Coldrano 01;malles;32,014;63,497;signal_mainline;0;0;0;660,47;10,826062;46,619386;base;
Pr_I_COLD_91;Prot. Int. Coldrano 91;malles;32,084;63,567;signal_mainline;0;0;0;661,21;10,825219;46,619399;base;
PL20;PL20;;32,11;63,593;PL;0;0;0;661,48;10,824996;46,619392;base;
Pa_COLD_31;Part. Coldrano 31;merano;32,136;63,619;signal_mainline;0;0;0;661,75;10,824425;46,619384;base;
Dev_COLD_01;Deviatoio Coldrano 01;;32,2;63,683;SC;0;0;0;662,12;10,823615;46,619349;base;
COLD;Coldrano;;32,353;63,836;LdS;1;0;0;663;10,821512;46,619022;base;
Pa_I_COLD_71;Part. Int. Coldrano 71;malles;32,873;64,356;signal_mainline;0;0;0;669,91;10,815595;46,617935;base;
PL21;PL21;;32,901;64,384;PL;0;0;0;670,37;10,81508;46,617636;base;
Pr_I_COLD_52;Prot. Int. N1 Coldrano 52;merano;32,931;64,414;signal_mainline;0;0;0;670,87;10,814622;46,617382;base;
Pa_E_COLD_51;Part. Est. Coldrano 51;malles;33,256;64,739;signal_mainline;0;0;0;676,23;10,810601;46,616894;base;
PL22;PL22;;33,279;64,762;PL;0;0;0;676,61;10,810356;46,61689;base;
Pr_I_COLD_72;Prot. Int. N2 Coldrano 72;merano;33,302;64,785;signal_mainline;0;0;0;676,98;10,809946;46,616891;base;
Pr_E_COLD_02;Prot. Est. Coldrano 02;merano;33,406;64,889;signal_mainline;0;0;0;678,7;10,808589;46,616856;base;
Pr_E_PL23_01;Prot. Est. PL23 01;malles;34,356;65,839;signal_mainline;0;0;0;694,37;10,796356;46,615469;base;
Pr_I_PL23_51;Prot. Int. PL23 51;malles;34,459;65,942;signal_mainline;0;0;0;696,06;10,795591;46,615403;base;
PL23;PL23;;34,483;65,966;PL;0;0;0;696,46;10,794936;46,615337;base;
Pr_I_PL23_52;Prot. Int. PL23 52;merano;34,507;65,99;signal_mainline;0;0;0;696,86;10,794406;46,615267;base;
Pr_E_PL23_02;Prot. Est. PL23 02;merano;34,609;66,092;signal_mainline;0;0;0;698,54;10,793089;46,61513;base;
SblLac35026;SblLac35026;;35,026;66,509;Sbl;0;0;0;705,42;10,787847;46,614758;base;
Pr_E_PL24_01;Prot. Est. PL24 01;malles;35,04;66,523;signal_mainline;0;0;0;705,65;10,787522;46,614792;base;
Dev_PL24_01;Deviatoio PL24 01;;35,094;66,577;SC;0;0;0;706,54;10,786909;46,614902;base;
Pr_I_PL24_51;Prot. Int. PL24 51;malles;35,144;66,627;signal_mainline;0;0;0;707,36;10,786436;46,614991;base;
PL24;PL24;;35,167;66,65;PL;0;0;0;707,74;10,786136;46,615046;base;
Pr_I_PL24_52;Prot. Int. PL24 52;merano;35,191;66,674;signal_mainline;0;0;0;708,14;10,785629;46,615167;base;
Pr_E_PL24_02;Prot. Est. PL24 02;merano;35,294;66,777;signal_mainline;0;0;0;709,83;10,784369;46,615488;base;
HD_504_02;HD 504/02;both;36,294;67,777;signal_mainline;0;0;0;726,33;10,771772;46,617283;base;
Pr_E_SIL_01;Prot. Est. Silandro 01;malles;36,827;68,31;signal_mainline;0;0;0;735,12;10,76606;46,619751;base;
PL25;PL25;;36,943;68,426;PL;0;0;0;737,03;10,764575;46,619951;base;
Pr_I_SIL_91;Prot. Int. N2 Silandro 91;malles;36,957;68,44;signal_mainline;0;0;0;737,26;10,764406;46,619998;base;
Pa_E_SIL_81;Part. Est. Silandro 81;merano;36,981;68,464;signal_mainline;0;0;0;737,66;10,764137;46,620114;base;
km68500;km68500;;37,017;68,5;km;0;0;0;738,25;10,763761;46,620306;base;
km68650;km68650;;37,167;68,65;km;0;0;0;740,72;10,762879;46,621444;base;
IG_GEO;Imbocco Galleria GEOS;;37,379;68,862;Tunnel;0;0;0;744,22;10,763758;46,623067;base;
Pr_I_SIL_71;Prot. Int. N1 Silandro 71;malles;37,473;68,956;signal_mainline;0;0;0;744,73;10,764539;46,623861;base;
SG_GEO;Sbocco Galleria GEOS;;37,521;69,004;Tunnel;0;0;0;744,92;10,764904;46,624213;base;
Dev_SIL_05;Deviatoio Silandro 05;;37,572;69,055;SC;0;0;0;745;10,765301;46,624578;base;
Pa_I_SIL_31;Part. Int Silandro 31;merano;37,682;69,165;signal_mainline;0;0;0;745;10,766245;46,625366;base;
SIL;Silandro;;37,792;69,275;LdS;1;1;0;745;10,767066;46,626154;base;
Pa_I_SIL_32;Part. Int. Silandro 32;malles;37,86;69,343;signal_mainline;0;0;0;745;10,767556;46,626648;base;
Dev_SIL_02;Deviatoio Silandro 02;;37,939;69,422;SC;0;0;0;745;10,768211;46,627248;base;
Pr_I_SIL_52;Prot. Int. Silandro 52;merano;37,989;69,472;signal_mainline;0;0;0;745;10,768565;46,627602;base;
Pa_E_SIL_62;Part. Est. Silandro 62;malles;38,129;69,612;signal_mainline;0;0;0;747,34;10,769476;46,628664;base;
Pr_E_SIL_02;Prot. Est. Silandro 02;merano;38,279;69,762;signal_mainline;0;0;0;751,38;10,769314;46,629975;base;
km70200;km70200;;38,717;70,2;km;0;0;0;763,18;10,764652;46,63004;base;
HD_601_02;HD 601/02;both;39,279;70,762;signal_mainline;0;0;0;778,31;10,760144;46,626055;base;
HD_601_04;HD 601/04;both;40,279;71,762;signal_mainline;0;0;0;805,24;10,750401;46,620101;base;
HD_601_06;HD 601/06;both;41,279;72,762;signal_mainline;0;0;0;832,17;10,739552;46,615395;base;
HD_601_08;HD 601/08;both;42,279;73,762;signal_mainline;0;0;0;859,1;10,727233;46,612743;base;
HD_601_10;HD 601/10;both;43,279;74,762;signal_mainline;0;0;0;865,71;10,714608;46,6119;base;
km75800;km75800;;44,317;75,8;km;0;0;0;866,64;10,702448;46,615444;base;
Pr_E_LASA_01;Prot. Est. Lasa 01;malles;44,387;75,87;signal_mainline;0;0;0;866,71;10,701547;46,615547;base;
Pr_I_LASA_91;Prot. Int. N3 Lasa 91;malles;44,488;75,971;signal_mainline;0;0;0;866,8;10,700482;46,615785;base;
PL27;PL27;;44,513;75,996;PL;0;0;0;866,82;10,70023;46,615867;base;
Pa_E_LASA_81;Part. Est. Lasa 81;merano;44,538;76,021;signal_mainline;0;0;0;866,84;10,699729;46,616053;base;
Pr_I_LASA_71;Prot. Int. N2 Lasa 71;malles;44,724;76,207;signal_mainline;0;0;0;867;10,697622;46,616883;base;
PL28;PL28;;44,752;76,235;PL;0;0;0;867;10,697322;46,617028;base;
Pa_I_LASA_61;Part. Int. N1 Lasa 61;merano;44,775;76,258;signal_mainline;0;0;0;867;10,69709;46,617159;base;
Pr_I_LASA_51;Prot. Int. N1 Lasa 51;malles;44,809;76,292;signal_mainline;0;0;0;867;10,696773;46,617363;base;
Dev_LASA_01;Deviatoio Lasa 01;;44,829;76,312;SC;0;0;0;867;10,696596;46,617485;base;
Pa_I_LASA_31;Part. Int. N1 Lasa 31;merano;44,945;76,428;signal_mainline;0;0;0;867;10,695587;46,618106;base;
LASA;Lasa;;44,962;76,445;LdS;1;1;0;867;10,6953;46,618296;base;
Pa_I_LASA_32;Part. Int. N2 Lasa 32;malles;45,102;76,585;signal_mainline;0;0;0;867;10,694091;46,619071;base;
Dev_LASA_02;Deviatoio Lasa 02;;45,188;76,671;SC;0;0;0;867;10,693128;46,619678;base;
Pr_I_LASA_52;Prot. Int. N1 Lasa 52;merano;45,238;76,721;signal_mainline;0;0;0;867,06;10,692648;46,619983;base;
Pa_I_LASA_62;Part. Int. N1 Lasa 62;malles;45,309;76,792;signal_mainline;0;0;0;867,21;10,691967;46,620417;base;
PL29;PL29;;45,335;76,818;PL;0;0;0;867,27;10,691716;46,620574;base;
Pr_I_LASA_72;Prot. Int. N2 Lasa 72;merano;45,382;76,865;signal_mainline;0;0;0;867,37;10,691253;46,620851;base;
Pa_E_LASA_82;Part. Est. Lasa 82;malles;45,499;76,982;signal_mainline;0;0;0;867,62;10,690004;46,621456;base;
Pr_E_LASA_02;Prot. Est. Lasa 02;merano;45,65;77,133;signal_mainline;0;0;0;867,94;10,688317;46,622159;base;
HD_701_01;HD 701/01;both;46,65;78,133;signal_mainline;0;0;0;870,1;10,676274;46,625269;base;
SblLasa46915;SblLasa46915;;46,915;78,398;Sbl;0;0;0;870,67;10,672864;46,625672;base;
HD_701_03;HD 701/03;both;47,65;79,133;signal_mainline;0;0;0;872,26;10,663313;46,62548;base;
Pr_E_ORIS_01;Prot. Est. Oris 01;malles;48,848;80,331;signal_mainline;0;0;0;874,84;10,647939;46,626288;base;
Dev_ORIS_01;Deviatoio Oris 01;;48,919;80,402;SC;0;0;0;874,95;10,647047;46,626463;base;
Pr_I_ORIS_71;Prot. Int. Oris 71;malles;48,949;80,432;signal_mainline;0;0;0;875;10,646822;46,626515;base;
PL30;PL30;;48,973;80,456;PL;0;0;0;875;10,646575;46,626561;base;
Pa_ORIS_31;Part. Oris 31;merano;48,998;80,481;signal_mainline;0;0;0;875;10,646288;46,626619;base;
ORIS;Oris;;49,02;80,503;LdS;1;0;0;875;10,645778;46,62671;base;
Pa_ORIS_32;Part. Oris 32;malles;49,147;80,63;signal_mainline;0;0;0;875,12;10,644202;46,627026;base;
Pr_E_ORIS_02;Prot. Est. Oris 02;merano;49,297;80,78;signal_mainline;0;0;0;875,78;10,642299;46,627391;base;
HD_702_02;HD 702/02;both;50,297;81,78;signal_mainline;0;0;0;880,18;10,62966;46,629577;base;
Pr_E_SPON_01;Prot. Est. Spondigna 01;malles;51,279;82,762;signal_mainline;0;0;0;884,51;10,617341;46,631481;base;
Pa_E_SPON_81;Part. Est. Spondigna 81;merano;51,451;82,934;signal_mainline;0;0;0;885,26;10,615385;46,632241;base;
Pr_I_SPON_71;Prot. Int. N2 Spondigna 71;malles;51,62;83,103;signal_mainline;0;0;0;886;10,61363;46,632964;base;
PL31;PL31;;51,644;83,127;PL;0;0;0;886;10,613423;46,63305;base;
Pr_I_SPON_51;Prot. Int. N1 Spondigna 51;malles;51,652;83,135;signal_mainline;0;0;0;886;10,613257;46,633122;base;
Pa_I_SPON_61;Part. Int. N1 Spondigna 61;merano;51,668;83,151;signal_mainline;0;0;0;886;10,613083;46,633194;base;
Dev_SPON_01;Deviatoio Spondigna 01;;51,672;83,155;SC;0;0;0;886;10,612913;46,633266;base;
Pa_I_SPON_31;Part. Int. N2 Spondigna 31;merano;51,789;83,272;signal_mainline;0;0;0;886;10,611635;46,633843;base;
SPON;Spondigna;;51,867;83,35;LdS;1;0;0;886;10,610797;46,634242;base;
Pa_I_SPON_32;Part. Int. Spondigna 32;malles;51,986;83,469;signal_mainline;0;0;0;886;10,609891;46,634669;base;
Dev_SPON_02;Deviatoio Spondigna 02;;52,061;83,544;SC;0;0;0;886;10,609014;46,635091;base;
Pr_I_SPON_52;Prot. Int. N1 Spondigna 52;merano;52,111;83,594;signal_mainline;0;0;0;886;10,608137;46,635476;base;
Pa_E_SPON_62;Part. Est. Spondigna 62;malles;52,429;83,912;signal_mainline;0;0;0;886,11;10,604564;46,636445;base;
PL32;PL32;;52,454;83,937;PL;0;0;0;886,12;10,604239;46,636553;base;
Pr_I_SPON_72;Prot. Int. N2 Spondigna 72;merano;52,48;83,963;signal_mainline;0;0;0;886,13;10,603731;46,636759;base;
Pr_E_SPON_02;Prot. Est. Spondigna 02;merano;52,58;84,063;signal_mainline;0;0;0;886,42;10,602708;46,637317;base;
HD_801_02;HD 801/02;both;53,58;85,063;signal_mainline;0;0;0;895,82;10,594735;46,64439;base;
HD_801_04;HD 801/04;both;54,58;86,063;signal_mainline;0;0;0;905,22;10,58963;46,652566;base;
SblSpon54860;SblSpon54860;;54,86;86,343;Sbl;0;0;0;907,85;10,588614;46,654978;base;
km86800;km86800;;55,317;86,8;km;0;0;0;912,15;10,587185;46,658969;base;
HD_801_06;HD 801/06;both;55,58;87,063;signal_mainline;0;0;0;914,62;10,585576;46,660997;base;
HD_801_07;HD 801/07;malles;56,027;87,51;signal_mainline;0;0;0;918,82;10,581965;46,663944;base;
SLU;Sluderno;;56,146;87,629;LdS;1;0;0;919;10,58153;46,664972;base;
HD_801_08;HD 801/08;merano;56,397;87,88;signal_mainline;0;0;0;922,55;10,581068;46,667196;base;
HD_801_10;HD 801/10;both;57,229;88,712;signal_mainline;0;0;0;942,13;10,574749;46,672914;base;
HD_801_12;HD 801/12;both;58,229;89,712;signal_mainline;0;0;0;965,67;10,563658;46,675921;base;
SblSpon58860;SblSpon58860;;58,86;90,343;Sbl;0;0;0;980,52;10,556291;46,678319;base;
Pr_E_MAL_01;Prot. Est. Malles 01;malles;59,103;90,586;signal_mainline;0;0;0;986,23;10,554229;46,679947;base;
Pa_E_MAL_61;Part. Est. Malles 61;merano;59,254;90,737;signal_mainline;0;0;0;989,79;10,554251;46,681298;base;
Pr_I_MAL_51;Prot. Int. Malles 51;malles;59,515;90,998;signal_mainline;0;0;0;995,93;10,552687;46,683255;base;
Dev_MAL_05;Deviatoio Malles 05;;59,633;91,116;SC;0;0;0;998;10,551176;46,683607;base;
Pa_I_MAL_31d;Part. Int. Malles 31d;merano;59,721;91,204;signal_mainline;0;0;0;998;10,550391;46,683781;base;
MAL;Malles;both;59,853;91,336;LdS;1;1;0;998;10,548433;46,684233;base;
ME_side;Merano side;both;0;31,483;LdS_side;1;1;1;301,5;11,149007;46,67306;existing;
Dev_ME_01_side;Deviatoio Merano 01 side;;0,317;31,8;SC;0;0;1;302,79;11,145169;46,676028;dt_me_lag;
Pa_ME_side;Part. Merano side;malles;0,572;32,055;signal_mainline;0;0;1;307,71;11,14405;46,676781;dt_me_lag;
SC_ME_side;SC LT ETCS Merano side;merano;0,636;32,119;signal_mainline;0;0;1;308,94;11,143168;46,677051;dt_me_lag;
Pr_ME_LT_side;Prot. Merano LT ETCS side;merano;0,766;32,249;signal_mainline;0;0;1;311,45;11,141526;46,677397;dt_me_lag;
Pr_E_LAG_01_side;Prot. Est. Lagundo 01 side;malles;1,247;32,73;signal_mainline;0;0;1;320,72;11,135499;46,678593;dt_me_lag;
Pa_LAG_31_side;Part. Lagundo 31 side;merano;1,402;32,885;signal_mainline;0;0;1;323,71;11,133565;46,678938;dt_me_lag;
LAG_side;Lagundo side;;1,517;33;LdS_side;1;0;1;324;11,132071;46,678816;dt_me_lag;
Pa_LAG_32_side;Part. Lagundo 32 side;malles;1,592;33,075;signal_mainline;0;0;1;324;11,131213;46,67875;dt_me_lag;
Dev_LAG_02_side;Deviatoio Lagundo 02 side;;1,642;33,125;SC;0;0;1;324;11,130805;46,678674;dt_lag_mar;
Pr_E_LAG_02_side;Prot. Est. Lagundo 02 side;merano;1,742;33,225;signal_mainline;0;0;1;326,69;11,129554;46,678008;dt_lag_mar;
Pr_E_MAR_01_side;Prot. Est. Marlengo 01 side;malles;2,872;34,355;signal_mainline;0;0;1;350,98;11,133597;46,669147;dt_lag_mar;
Pr_I_MAR_91_side;Prot. Int. N3 Marlengo 91 side;malles;2,972;34,455;signal_mainline;0;0;1;353,13;11,13419;46,668354;dt_lag_mar;
PL04_side;PL04 side;;2,998;34,481;PL;0;0;1;353,69;11,13439;46,668179;dt_lag_mar;
Pa_E_MAR_81_side;Part. Est. Marlengo 81 side;merano;3,022;34,505;signal_mainline;0;0;1;354,2;11,134599;46,668009;dt_lag_mar;
Pr_I_MAR_71_side;Prot. Int. N2 Marlengo 71 side;malles;3,182;34,665;signal_mainline;0;0;1;357,64;11,135908;46,666881;dt_lag_mar;
PL05_side;PL05 Marlengo side;;3,205;34,688;PL;0;0;1;358,13;11,136101;46,666716;dt_lag_mar;
Pa_I_MAR_61_side;Part. Int. N1 Marlengo 61 side;merano;3,226;34,709;signal_mainline;0;0;1;358,59;11,136266;46,666566;dt_lag_mar;
Pr_I_MAR_51_side;Prot. Int. N1 Marlengo 51 side;malles;3,285;34,768;signal_mainline;0;0;1;359,85;11,136773;46,666172;dt_lag_mar;
Dev_MAR_01_side;Deviatoio Marlengo 01 side;;3,335;34,818;SC;0;0;1;360,93;11,137361;46,665785;dt_lag_mar;
Pa_I_MAR_31_side;Part. Int. N2 Marlengo 31 side;merano;3,413;34,896;signal_mainline;0;0;1;362,61;11,137979;46,665338;existing;
MAR_side;Marlengo side;;3,566;35,049;LdS_side;1;0;1;365,89;11,138872;46,664122;existing;
Pa_I_MAR_32_side;Part. Int. Marlengo 32 side;malles;3,647;35,13;signal_mainline;0;0;1;367,64;11,139262;46,663474;existing;
Dev_MAR_02_side;Deviatoio Marlengo 02 side;;3,739;35,222;SC;0;0;1;369,61;11,139775;46,662737;dt_mar_tel;
PL06_side;PL06 side;;3,753;35,236;PL;0;0;1;369,91;11,139873;46,662543;dt_mar_tel;
Pr_I_MAR_52_side;Prot. Int. N1 Marlengo 52 side;merano;3,784;35,267;signal_mainline;0;0;1;370;11,140012;46,662324;dt_mar_tel;
Pa_E_MAR_62_side;Part. Est. Marlengo 62 side;malles;3,976;35,459;signal_mainline;0;0;1;370;11,140579;46,660668;dt_mar_tel;
PL06bis_side;PL06bis side;;3,999;35,482;PL;0;0;1;370;11,140571;46,660462;dt_mar_tel;
Pr_I_MAR_72_side;Prot. Int. N2 Marlengo 72 side;merano;4,022;35,505;signal_mainline;0;0;1;370;11,140555;46,660249;dt_mar_tel;
Pr_E_MAR_02_side;Prot. Est. Marlengo 02 side;merano;4,126;35,609;signal_mainline;0;0;1;370;11,140233;46,659334;dt_mar_tel;
IG_MAR_side;Imbocco Galleria di Marlengo side;;4,311;35,794;Tunnel;0;0;1;371,29;11,13827;46,658364;dt_mar_tel;
SG_MAR_side;Sbocco Galleria di Marlengo side;;4,909;36,392;Tunnel;0;0;1;385,55;11,136693;46,662301;dt_mar_tel;
HD_201_02_side;HD 201/02 side;both;5,126;36,609;signal_mainline;0;0;1;390,73;11,136156;46,664112;dt_mar_tel;
HD_201_04_side;HD 201/04 side;both;6,126;37,609;signal_mainline;0;0;1;414,58;11,128898;46,671324;dt_mar_tel;
HD_201_06_side;HD 201/06 side;both;7,126;38,609;signal_mainline;0;0;1;438,43;11,117939;46,674048;dt_mar_tel;
IG_GIU_side;Imbocco Galleria Monte Giuseppe side;;7,127;38,609;Tunnel;0;0;1;438,43;11,117845;46,674088;dt_mar_tel;
SG_GIU_side;Sbocco Galleria Monte Giuseppe side;;8,107;39,59;Tunnel;0;0;1;461,82;11,10589;46,67524;dt_mar_tel;
HD_201_08_side;HD 201/08 side;both;8,126;39,609;signal_mainline;0;0;1;462,27;11,105686;46,675386;dt_mar_tel;
IG_ART_side;Imbocco Galleria artificiale side;;8,169;39,652;Tunnel;0;0;1;463,3;11,104968;46,675428;dt_mar_tel, dt_mg_tel;
SG_ART_side;Sbocco Galleria artificiale side;;8,249;39,732;Tunnel;0;0;1;465,21;11,104131;46,675428;dt_mar_tel, dt_mg_tel;
IG_TEL_side;Imbocco Galleria di Tel side;;8,608;40,091;Tunnel;0;0;1;473,77;11,099367;46,675855;dt_mar_tel, dt_mg_tel;
HD_201_10_side;HD 201/10 side;both;9,126;40,609;signal_mainline;0;0;1;486,12;11,09396;46,676783;dt_mar_tel, dt_mg_tel;
SG_TEL_side;Sbocco Galleria di Tel side;;9,292;40,775;Tunnel;0;0;1;490,08;11,091342;46,676959;dt_mar_tel, dt_mg_tel;
Pr_E_TEL_01_side;Prot. Est. Tel 01 side;malles;9,743;41,226;signal_mainline;0;0;1;500,34;11,087201;46,676569;dt_mar_tel, dt_mg_tel;
Pr_I_TEL_91_side;Prot. Int. N3 Tel 91 side;merano;9,865;41,348;signal_mainline;0;0;1;503,11;11,086407;46,676385;dt_mar_tel, dt_mg_tel;
PL07_side;PL07 side;;9,898;41,381;PL;0;0;1;503,85;11,085505;46,676157;dt_mar_tel, dt_mg_tel;
Pa_E_TEL_61_side;Part. Est. Tel 61 side;merano;9,913;41,396;signal_mainline;0;0;1;504,19;11,085001;46,675936;dt_mar_tel, dt_mg_tel;
Pr_I_TEL_71_side;Prot. Int. N2 Tel 71 side;malles;10,074;41,557;signal_mainline;0;0;1;507,85;11,084014;46,675215;dt_mar_tel, dt_mg_tel;
Dev_TEL_01_side;Deviatoio Tel 01 side;;10,124;41,607;SC;0;0;1;508,98;11,083613;46,674839;dt_mar_tel, dt_mg_tel;
Pa_I_TEL_31b_side;Part. Int. N1 Tel 31b side;merano;10,2;41,683;signal_mainline;0;0;1;510,06;11,083086;46,674229;existing;
Pr_I_TEL_51_side;Prot. Int. N1 Tel 51 side;malles;10,303;41,786;signal_mainline;0;0;1;510,27;11,082276;46,673525;existing;
Pa_I_TEL_31a_side;Part. Int. N2 Tel 31a side;merano;10,345;41,828;signal_mainline;0;0;1;510,35;11,081901;46,673234;existing;
TEL_side;Tel side;;10,419;41,902;LdS_side;1;0;1;510,5;11,081319;46,672776;existing;
Pa_I_TEL_32_side;Part. Int. Tel 32 side;malles;10,544;42,027;signal_mainline;0;0;1;510,75;11,080222;46,67192;existing;
Dev_TEL_02_side;Deviatoio Tel 02 side;;10,63;42,113;SC;0;0;1;510,92;11,079725;46,67149;dt_tel_pla;
Pr_I_TEL_52_side;Prot. Int. Tel 52 side;merano;10,699;42,182;signal_mainline;0;0;1;511,1;11,078891;46,670838;dt_tel_pla;
Pa_E_TEL_62_side;Part. Est. Tel 62 side;malles;10,85;42,333;signal_mainline;0;0;1;511,58;11,077555;46,669844;dt_tel_pla;
Pr_E_TEL_02_side;Prot. Est. Tel 02 side;merano;11;42,483;signal_mainline;0;0;1;512,07;11,076112;46,668898;dt_tel_pla;
Pr_E_RAB_01_side;Prot. Est. Rabla 01 side;malles;11,52;43,003;signal_mainline;0;0;1;513,75;11,070399;46,666373;dt_tel_pla;
Pr_I_RAB_51_side;Prot. Int. Rabla 51 side;malles;11,622;43,105;signal_mainline;0;0;1;514;11,069375;46,665953;dt_tel_pla;
PL08_side;PL08 side;;11,647;43,13;PL;0;0;1;514;11,069115;46,665843;dt_tel_pla;
Pa_I_RAB_31_side;Part. Int. Rabla 31 side;merano;11,67;43,153;signal_mainline;0;0;1;514;11,068704;46,665681;dt_tel_pla;
RAB_side;Rabla side;;11,699;43,182;LdS_side;1;0;1;514;11,06838;46,665545;dt_tel_pla;
Pa_RAB_32_side;Part. Rabla 32 side;malles;11,818;43,301;signal_mainline;0;0;1;514,05;11,067052;46,664989;dt_tel_pla;
Pr_E_RAB_02_side;Prot. Est. Rabla 02 side;merano;11,968;43,451;signal_mainline;0;0;1;514,48;11,065389;46,664282;dt_tel_pla;
HD_302_02_side;HD 302/02 side;both;12,968;44,451;signal_mainline;0;0;1;517,35;11,053437;46,661042;dt_tel_pla;
Pr_E_PLA_01_side;Prot. Est. Plaus 01 side;malles;13,731;45,214;signal_mainline;0;0;1;519,54;11,044242;46,659687;dt_tel_pla;
Dev_01_PLA_side;Deviatoio 01 Plaus side;;13,831;45,314;SC;0;0;1;519,54;11,043186;46,659256;dt_pla_nat;
Pa_PLA_31_side;Part. Plaus 31 side;merano;13,881;45,364;signal_mainline;0;0;1;519,97;11,042212;46,658868;dt_pla_nat;
PLA_side;Plaus side;;13,991;45,474;LdS_side;1;0;1;520;11,04108;46,658397;dt_pla_nat;
Pa_PLA_32_side;Part. Plaus 32 side;malles;14,029;45,512;signal_mainline;0;0;1;520;11,040581;46,658218;dt_pla_nat;
PL09_side;PL09 side;;14,053;45,536;PL;0;0;1;520;11,040391;46,658148;dt_pla_nat;
Pr_I_PLA_52_side;Prot. Int. Plaus 52 side;merano;14,078;45,561;signal_mainline;0;0;1;520;11,039978;46,657979;dt_pla_nat;
Pr_E_PLA_02_side;Prot. Est. Plaus 02 side;merano;14,178;45,661;signal_mainline;0;0;1;520,37;11,038848;46,65752;dt_pla_nat;
HD_303_02_side;HD 303/02 side;both;15,178;46,661;signal_mainline;0;0;1;524,58;11,027634;46,652894;dt_pla_nat;
HD_303_04_side;HD 303/04 side;both;16,178;47,661;signal_mainline;0;0;1;528,79;11,017039;46,64768;dt_pla_nat;
km48500_side;km48500 side;;17,017;48,5;km;0;0;1;532,33;11,006933;46,645104;dt_pla_nat;
Pr_E_NAT_01_side;Prot. Est. Naturno 01 side;malles;17,058;48,541;signal_mainline;0;0;1;532,5;11,006388;46,645076;dt_pla_nat;
Pr_I_NAT_51_side;Prot. Int. Naturno 51 side;malles;17,148;48,631;signal_mainline;0;0;1;532,88;11,005219;46,645051;dt_pla_nat;
PL10_side;PL10 side;;17,178;48,661;PL;0;0;1;533;11,004994;46,64505;dt_pla_nat;
Dev_NAT_01_side;Deviatoio Naturno 01 side;;17,2;48,692;SC;0;0;1;533;11,004822;46,645058;dt_pla_nat;
Pa_NAT_31_side;Part. Naturno 31 side;merano;17,208;48,691;signal_mainline;0;0;1;533;11,004428;46,645076;dt_pla_nat, dt_nat;
NAT_side;Naturno side;;17,277;48,76;LdS_side;1;1;1;533;11,003526;46,645181;dt_pla_nat,dt_nat_natkomp, dt_nat;
Pa_NAT_32_side;Part. Naturno 32 side;malles;17,369;48,852;signal_mainline;0;0;1;533;11,002585;46,645323;dt_nat_natkomp, dt_nat;
Dev_NAT_02_side;Deviatoio Naturno 02 side;;17,5;48,992;SC;0;0;1;533;11,002153;46,645389;dt_nat_natkomp;
Pr_E_NAT_02_side;Prot. Est. Naturno 02 side;merano;17,518;49,001;signal_mainline;0;0;1;533,84;11,000461;46,645684;dt_nat_natkomp;
Pr_E_PL11_01_side;Prot. Est. PL11 01 side;malles;18,105;49,588;signal_mainline;0;0;1;537,34;10,993447;46,647827;dt_nat_natkomp;
Pr_I_PL11_51_side;Prot. Int. PL11 51 side;malles;18,206;49,689;signal_mainline;0;0;1;537,94;10,992304;46,64812;dt_nat_natkomp;
PL11_side;PL11 side;;18,232;49,715;PL;0;0;1;538,1;10,992047;46,648136;dt_nat_natkomp;
Pr_I_PL11_52_side;Prot. Int. PL11 52 side;merano;18,255;49,738;signal_mainline;0;0;1;538,24;10,991687;46,648118;dt_nat_natkomp;
Dev_PL11_02_side;Deviatoio PL11 02 side;;18,3;49,783;SC;0;0;1;538,24;10,991532;46,648096;dt_nat_natkomp;
Pr_E_PL11_02_side;Prot. Est. PL11 02 side;merano;18,356;49,839;signal_mainline;0;0;1;538,84;10,990314;46,647912;dt_natkomp_sta;
SblNatKomp_side;SblNatKomp side;;18,397;49,88;Sbl;0;0;1;539,18;10,989769;46,647827;dt_natkomp_sta;
Pr_E_STA_01_side;Prot. Est. Stava 01 side;malles;19,231;50,714;signal_mainline;0;0;1;549,93;10,97936;46,646715;dt_natkomp_sta;
Pa_E_STA_61_side;Part. Est. Stava 61 side;merano;19,381;50,864;signal_mainline;0;0;1;551,86;10,977412;46,646877;dt_natkomp_sta;
Pr_I_STA_51_side;Prot. Int. Stava 51 side;malles;19,523;51,006;signal_mainline;0;0;1;553,69;10,975567;46,646899;dt_natkomp_sta;
Dev_STA_01_side;Deviatoio Stava 01 side;;19,573;51,056;SC;0;0;1;554;10,974931;46,646842;dt_natkomp_sta;
Pa_I_STA_31_side;Part. Int. Stava 31 side;merano;19,683;51,166;signal_mainline;0;0;1;554;10,973459;46,646729;existing;
STA_side;Stava side;;19,797;51,28;LdS_side;1;0;1;554;10,972024;46,646588;existing;
Pa_I_STA_32_side;Part. Int. Stava 32 side;malles;19,863;51,346;signal_mainline;0;0;1;554;10,971166;46,64651;existing;
Dev_STA_02_side;Deviatoio Stava 02 side;;19,949;51,432;SC;0;0;1;554;10,970031;46,646346;dt_sta;
Pr_I_STA_52_side;Prot. Int. N1 Stava 52 side;merano;19,999;51,482;signal_mainline;0;0;1;554;10,969377;46,646273;dt_sta;
Pa_E_STA_62_side;Part. Est. Stava 62 side;malles;20,275;51,758;signal_mainline;0;0;1;554;10,966171;46,64528;dt_sta;
PL12_side;PL12 side;;20,298;51,781;PL;0;0;1;554;10,965875;46,645252;dt_sta;
Pr_I_STA_72_side;Prot. Int. N2 Stava 72 side;merano;20,325;51,808;signal_mainline;0;0;1;554;10,965518;46,645221;dt_sta;
Pr_E_STA_02_side;Prot. Est. Stava 02 side;merano;20,426;51,909;signal_mainline;0;0;1;554,09;10,96428;46,644938;dt_sta;
km52000_side;km52000 side;;20,517;52;km;0;0;1;554,39;10,963253;46,644522;dt_sta;
Dev_PL13_01_side;Deviatoio PL13 01 side;;21,429;52,912;SC;0;0;1;557,38;10,953029;46,640373;dt_sta;
Pr_E_PL13_01_side;Prot. Est. PL13 01 side;malles;21,479;52,962;signal_mainline;0;0;1;557,55;10,952463;46,640137;dt_sta_cia;
SblStab21529_side;SblStab21529 side;;21,529;53,012;Sbl;0;0;1;557,72;10,951894;46,639905;dt_sta_cia;
Pr_I_PL13_51_side;Prot. Int. PL13 51 side;malles;21,582;53,065;signal_mainline;0;0;1;557,89;10,951516;46,63975;dt_sta_cia;
PL13_side;PL13 side;;21,606;53,089;PL;0;0;1;557,97;10,95117;46,639609;dt_sta_cia;
Pr_I_PL13_52_side;Prot. Int. PL13 52 side;merano;21,63;53,113;signal_mainline;0;0;1;558,05;10,950783;46,639447;dt_sta_cia;
Pr_E_PL13_02_side;Prot. Est. PL13 02 side;merano;21,733;53,216;signal_mainline;0;0;1;558,39;10,949601;46,638962;dt_sta_cia;
Pr_E_CIA_01_side;Prot. Est. Ciardes 01 side;malles;22,307;53,79;signal_mainline;0;0;1;560,27;10,943161;46,63631;dt_sta_cia;
Pa_CIA_31_side;Part. Ciardes 31 side;merano;22,457;53,94;signal_mainline;0;0;1;560,76;10,941449;46,635618;dt_sta_cia,dt_cia_cab;
CIA_side;Ciardes side;;22,578;54,061;LdS_side;1;0;1;561;10,940433;46,635213;dt_sta_cia,dt_cia_cab;
Pa_CIA_32_side;Part. Ciardes 32 side;malles;22,605;54,088;signal_mainline;0;0;1;561;10,940014;46,635049;dt_sta_cia,dt_cia_cab;
PL14_side;PL14 side;;22,629;54,112;PL;0;0;1;561;10,939679;46,634909;dt_sta_cia,dt_cia_cab;
Pr_I_CIA_62_side;Prot. Int. Ciardes 62 side;merano;22,653;54,136;signal_mainline;0;0;1;561;10,93925;46,634743;dt_sta_cia,dt_cia_cab;
Pr_E_CIA_02_side;Prot. Est. Ciardes 02 side;merano;22,756;54,239;signal_mainline;0;0;1;561,21;10,938086;46,634262;dt_sta_cia,dt_cia_cab;
HD_403_02_side;HD 403/02 side;both;23,756;55,239;signal_mainline;0;0;1;569,08;10,926896;46,629643;dt_sta_cia,dt_cia_cab;
km55900_side;km55900 side;;24,417;55,9;km;0;0;1;574,28;10,919455;46,626585;dt_sta_cia,dt_cia_cab;
SblStab24529_side;SblStab24529 side;;24,529;56,012;Sbl;0;0;1;575,16;10,918221;46,626084;dt_sta_cia,dt_cia_cab;
Pr_E_PL15_01_side;Prot. Est. PL15 01 side;malles;24,625;56,108;signal_mainline;0;0;1;575,92;10,917194;46,625734;dt_sta_cia,dt_cia_cab;
Dev_PL15_01_side;Deviatoio PL15 01 side;;24,725;56,208;SC;0;0;1;576,71;10,916019;46,625445;dt_cia_cab;
Pr_I_PL15_51_side;Prot. Int. PL15 51 side;malles;24,729;56,212;signal_mainline;0;0;1;576,74;10,91584;46,625416;dt_cia_cab;
PL15_side;PL15 side;;24,752;56,235;PL;0;0;1;576,92;10,915649;46,625383;dt_cia_cab;
Pr_I_PL15_52_side;Prot. Int. PL15 52 side;merano;24,775;56,258;signal_mainline;0;0;1;577,1;10,915204;46,625322;dt_cia_cab;
Pr_E_PL15_02_side;Prot. Est. PL15 02 side;merano;24,879;56,362;signal_mainline;0;0;1;577,92;10,913804;46,625209;dt_cia_cab;
km57000_side;km57000 side;;25,517;57;km;0;0;1;582,94;10,905953;46,626821;dt_cia_cab;
Pr_E_CAB_01_side;Prot. Est. Castelbello 01 side;malles;25,869;57,352;signal_mainline;0;0;1;585,71;10,901584;46,627353;dt_cia_cab;
Pr_I_CAB_71_side;Prot. Int. N2 Castelbello 71 side;malles;25,968;57,451;signal_mainline;0;0;1;586,49;10,900637;46,627038;dt_cia_cab;
PL16_side;PL16 side;;25,995;57,478;PL;0;0;1;586,7;10,900288;46,626957;dt_cia_cab;
Pa_E_CAB_61_side;Part. Est. Castelbello 61 side;merano;26,019;57,502;signal_mainline;0;0;1;586,89;10,899754;46,626882;dt_cia_cab;
Pr_I_CAB_51_side;Prot. Int. N1 Castelbello 51 side;malles;26,062;57,545;signal_mainline;0;0;1;587;10,899331;46,626875;dt_cia_cab;
PL17_side;PL17 side;;26,087;57,57;PL;0;0;1;587;10,898952;46,626878;dt_cia_cab;
Pa_I_CAB_31_side;Part. Int. Castelbello 31 side;merano;26,112;57,595;signal_mainline;0;0;1;587;10,898529;46,626895;dt_cia_cab;
CAB_side;Castelbello side;;26,133;57,616;LdS_side;1;0;1;587;10,898247;46,626906;dt_cia_cab,dt_cab_lac, dt_cab;
Pa_CAB_32_side;Part. Castelbello 32 side;malles;26,262;57,745;signal_mainline;0;0;1;587,5;10,896579;46,626974;dt_cab_lac, dt_cab;
Pr_E_CAB_02_side;Prot. Est. Castelbello 02 side;merano;26,412;57,895;signal_mainline;0;0;1;590,07;10,894717;46,626624;dt_cab_lac, dt_cab;
HD_405_02_side;HD 405/02 side;both;27,494;58,977;signal_mainline;0;0;1;608,66;10,882122;46,623513;dt_cab_lac;
km60000_side;km60000 side;;28,517;60;km;0;0;1;626,23;10,869352;46,621988;dt_cab_lac;
Pr_E_LAC_01_side;Prot. Est. Laces 01 side;malles;28,658;60,141;signal_mainline;0;0;1;628,65;10,867791;46,621335;dt_cab_lac;
PL18_side;PL18 side;;28,782;60,265;PL;0;0;1;630,78;10,866561;46,620798;dt_cab_lac;
Pr_I_LAC_71_side;Prot. Int. N2 Laces 71 side;malles;28,784;60,267;signal_mainline;0;0;1;630,82;10,866393;46,620725;dt_cab_lac;
Pa_E_LAC_61_side;Part. Est. Laces 61 side;merano;28,808;60,291;signal_mainline;0;0;1;631,23;10,866132;46,62062;dt_cab_lac;
Pr_I_LAC_51_side;Prot. Int. N1 Laces 51 side;malles;29,033;60,516;signal_mainline;0;0;1;633;10,863571;46,619727;dt_cab_lac;
Dev_LAC_01_side;Deviatoio Laces 01 side;;29,083;60,566;SC;0;0;1;633;10,862839;46,619705;dt_cab_lac;
Pa_I_LAC_31_side;Part. Int. Laces 31 side;merano;29,201;60,684;signal_mainline;0;0;1;633;10,861335;46,619661;existing;
LAC_side;Laces side;;29,261;60,744;LdS_side;1;1;1;633;10,860415;46,61965;existing;
Pa_I_LAC_32_side;Part. Int. Laces 32 side;malles;29,364;60,847;signal_mainline;0;0;1;633;10,859218;46,619628;existing;
Dev_LAC_02_side;Deviatoio Laces 02 side;;29,48;60,963;SC;0;0;1;633,73;10,858027;46,619622;dt_lac_cold;
Pr_I_LAC_52_side;Prot. Int. N1 Laces 52 side;merano;29,53;61,013;signal_mainline;0;0;1;634,26;10,857038;46,619593;dt_lac_cold;
Pa_E_LAC_62_side;Part. Est. Laces 62 side;malles;30,01;61,493;signal_mainline;0;0;1;639,32;10,851038;46,619202;dt_lac_cold;
PL19_side;PL19 side;;30,031;61,514;PL;0;0;1;639,54;10,850732;46,619171;dt_lac_cold;
Pr_I_LAC_72_side;Prot. Int. N2 Laces 72 side;merano;30,055;61,538;signal_mainline;0;0;1;639,8;10,850219;46,619132;dt_lac_cold;
Pr_E_LAC_02_side;Prot. Est. Laces 02 side;merano;30,16;61,643;signal_mainline;0;0;1;640,9;10,848868;46,619014;dt_lac_cold;
SblLac31026_side;SblLac31026 side;;31,026;62,509;signal_mainline;0;0;1;650,04;10,838259;46,616763;dt_lac_cold;
HD_501_02_side;HD 501/02 side;both;31,16;62,643;signal_mainline;0;0;1;651,46;10,836532;46,617139;dt_lac_cold;
Pr_E_COLD_01_side;Prot. Est. Coldrano 01 side;malles;32,014;63,497;signal_mainline;0;0;1;660,47;10,82605;46,61934;dt_lac_cold;
Pr_I_COLD_91_side;Prot. Int. Coldrano 91 side;malles;32,084;63,567;signal_mainline;0;0;1;661,21;10,825221;46,619353;dt_lac_cold;
PL20_side;PL20 side;;32,11;63,593;PL;0;0;1;661,48;10,824983;46,619349;dt_lac_cold;
Pa_COLD_31_side;Part. Coldrano 31 side;merano;32,136;63,619;signal_mainline;0;0;1;661,75;10,824425;46,619331;dt_lac_cold;
Dev_COLD_01_side;Deviatoio Coldrano 01 side;;32,2;63,683;SC;0;0;1;662,12;10,823615;46,619298;side;
COLD_side;Coldrano side;;32,353;63,836;LdS_side;1;0;1;663;10,821522;46,618963;dt_cold_sblLac;
Pa_I_COLD_71_side;Part. Int. Coldrano 71 side;malles;32,873;64,356;signal_mainline;0;0;1;669,91;10,815654;46,617887;dt_cold_sblLac;
PL21_side;PL21 side;;32,901;64,384;PL;0;0;1;670,37;10,815235;46,617655;dt_cold_sblLac;
Pr_I_COLD_52_side;Prot. Int. N1 Coldrano 52 side;merano;32,931;64,414;signal_mainline;0;0;1;670,87;10,814667;46,617338;dt_cold_sblLac;
Pa_E_COLD_51_side;Part. Est. Coldrano 51 side;malles;33,256;64,739;signal_mainline;0;0;1;676,23;10,810587;46,616837;dt_cold_sblLac;
PL22_side;PL22 side;;33,279;64,762;PL;0;0;1;676,61;10,810354;46,61684;dt_cold_sblLac;
Pr_I_COLD_72_side;Prot. Int. N2 Coldrano 72 side;merano;33,302;64,785;signal_mainline;0;0;1;676,98;10,809968;46,616827;dt_cold_sblLac;
Pr_E_COLD_02_side;Prot. Est. Coldrano 02 side;merano;33,406;64,889;signal_mainline;0;0;1;678,7;10,808602;46,616798;dt_cold_sblLac;
Pr_E_PL23_01_side;Prot. Est. PL23 01 side;malles;34,356;65,839;signal_mainline;0;0;1;694,37;10,796417;46,615405;dt_cold_sblLac;
Pr_I_PL23_51_side;Prot. Int. PL23 51 side;malles;34,459;65,942;signal_mainline;0;0;1;696,06;10,795671;46,615337;dt_cold_sblLac;
PL23_side;PL23 side;;34,483;65,966;PL;0;0;1;696,46;10,795105;46,615283;dt_cold_sblLac;
Pr_I_PL23_52_side;Prot. Int. PL23 52 side;merano;34,507;65,99;signal_mainline;0;0;1;696,86;10,794429;46,615202;dt_cold_sblLac;
Pr_E_PL23_02_side;Prot. Est. PL23 02 side;merano;34,609;66,092;signal_mainline;0;0;1;698,54;10,793107;46,615057;dt_cold_sblLac;
SblLac35026_side;SblLac35026 side;;35,026;66,509;Sbl;0;0;1;705,42;10,787845;46,614696;dt_cold_sblLac, dt_sblLac_sil;
Pr_E_PL24_01_side;Prot. Est. PL24 01 side;malles;35,04;66,523;signal_mainline;0;0;1;705,65;10,787488;46,614725;dt_cold_sblLac;
Dev_PL24_01_side;Deviatoio PL24 01 side;;35,094;66,577;SC;0;0;1;706,54;10,78686;46,614836;dt_sblLac_sil;
Pr_I_PL24_51_side;Prot. Int. PL24 51 side;malles;35,144;66,627;signal_mainline;0;0;1;707,36;10,786431;46,614922;dt_sblLac_sil;
PL24_side;PL24 side;;35,167;66,65;PL;0;0;1;707,74;10,786136;46,614981;dt_sblLac_sil;
Pr_I_PL24_52_side;Prot. Int. PL24 52 side;merano;35,191;66,674;signal_mainline;0;0;1;708,14;10,785586;46,615112;dt_sblLac_sil;
Pr_E_PL24_02_side;Prot. Est. PL24 02 side;merano;35,294;66,777;signal_mainline;0;0;1;709,83;10,784352;46,6154;dt_sblLac_sil;
HD_504_02_side;HD 504/02 side;both;36,294;67,777;signal_mainline;0;0;1;726,33;10,771762;46,617183;dt_sblLac_sil;
Pr_E_SIL_01_side;Prot. Est. Silandro 01 side;malles;36,827;68,31;signal_mainline;0;0;1;735,12;10,766001;46,619659;dt_sblLac_sil;
PL25_side;PL25 side;;36,943;68,426;PL;0;0;1;737,03;10,764552;46,619886;dt_sblLac_sil;
Pr_I_SIL_91_side;Prot. Int. N2 Silandro 91 side;malles;36,957;68,44;signal_mainline;0;0;1;737,26;10,764359;46,619935;dt_sblLac_sil;
Pa_E_SIL_81_side;Part. Est. Silandro 81 side;merano;36,981;68,464;signal_mainline;0;0;1;737,66;10,764062;46,620057;dt_sblLac_sil;
km68500_side;km68500 side;;37,017;68,5;km;0;0;1;738,25;10,763691;46,620261;dt_sblLac_sil;
km68650_side;km68650 side;;37,167;68,65;km;0;0;1;740,72;10,762769;46,621429;dt_sblLac_sil;
IG_GEO_side;Imbocco Galleria GEOS side;;37,379;68,862;Tunnel;0;0;1;744,22;10,763675;46,6231;dt_sblLac_sil;
Pr_I_SIL_71_side;Prot. Int. N1 Silandro 71 side;malles;37,473;68,956;signal_mainline;0;0;1;744,73;10,764464;46,623898;dt_sblLac_sil;
SG_GEO_side;Sbocco Galleria GEOS side;;37,521;69,004;Tunnel;0;0;1;744,92;10,764821;46,62425;dt_sblLac_sil;
Dev_SIL_05_side;Deviatoio Silandro 05 side;;37,572;69,055;SC;0;0;1;745;10,76525;46,624644;dt_sblLac_sil;
Pa_I_SIL_31_side;Part. Int Silandro 31 side;merano;37,682;69,165;signal_mainline;0;0;1;745;10,766113;46,62541;existing;
SIL_side;Silandro side;;37,792;69,275;LdS_side;1;1;1;745;10,766929;46,626176;existing;
Pa_I_SIL_32_side;Part. Int. Silandro 32 side;malles;37,86;69,343;signal_mainline;0;0;1;745;10,767463;46,626668;existing;
Dev_SIL_02_side;Deviatoio Silandro 02 side;;37,939;69,422;SC;0;0;1;745;10,768114;46,627274;side;
Pr_I_SIL_52_side;Prot. Int. Silandro 52 side;merano;37,989;69,472;signal_mainline;0;0;1;745;10,768484;46,627621;side;
Pa_E_SIL_62_side;Part. Est. Silandro 62 side;malles;38,129;69,612;signal_mainline;0;0;1;747,34;10,769386;46,628674;side;
Pr_E_SIL_02_side;Prot. Est. Silandro 02 side;merano;38,279;69,762;signal_mainline;0;0;1;751,38;10,769252;46,62993;side;
km70200_side;km70200 side;;38,717;70,2;km;0;0;1;763,18;10,764708;46,629975;dt_70200_lasa;
HD_601_02_side;HD 601/02 side;both;39,279;70,762;signal_mainline;0;0;1;778,31;10,760207;46,625989;dt_70200_lasa;
HD_601_04_side;HD 601/04 side;both;40,279;71,762;signal_mainline;0;0;1;805,24;10,750508;46,619991;dt_70200_lasa;
HD_601_06_side;HD 601/06 side;both;41,279;72,762;signal_mainline;0;0;1;832,17;10,739629;46,615267;dt_70200_lasa;
HD_601_08_side;HD 601/08 side;both;42,279;73,762;signal_mainline;0;0;1;859,1;10,727248;46,612511;dt_70200_lasa;
HD_601_10_side;HD 601/10 side;both;43,279;74,762;signal_mainline;0;0;1;865,71;10,714653;46,61167;dt_70200_lasa;
km75800_side;km75800 side;;44,317;75,8;km;0;0;1;866,64;10,702408;46,615368;dt_70200_lasa;
Pr_E_LASA_01_side;Prot. Est. Lasa 01 side;malles;44,387;75,87;signal_mainline;0;0;1;866,71;10,701515;46,615464;dt_70200_lasa;
Pr_I_LASA_91_side;Prot. Int. N3 Lasa 91 side;malles;44,488;75,971;signal_mainline;0;0;1;866,8;10,700448;46,615718;dt_70200_lasa;
PL27_side;PL27 side;;44,513;75,996;PL;0;0;1;866,82;10,70019;46,615807;dt_70200_lasa;
Pa_E_LASA_81_side;Part. Est. Lasa 81 side;merano;44,538;76,021;signal_mainline;0;0;1;866,84;10,69968;46,616;dt_70200_lasa;
Pr_I_LASA_71_side;Prot. Int. N2 Lasa 71 side;malles;44,724;76,207;signal_mainline;0;0;1;867;10,697567;46,616833;dt_70200_lasa;
PL28_side;PL28 side;;44,752;76,235;PL;0;0;1;867;10,697266;46,616984;dt_70200_lasa;
Pa_I_LASA_61_side;Part. Int. N1 Lasa 61 side;merano;44,775;76,258;signal_mainline;0;0;1;867;10,697009;46,61712;dt_70200_lasa;
Pr_I_LASA_51_side;Prot. Int. N1 Lasa 51 side;malles;44,809;76,292;signal_mainline;0;0;1;867;10,696692;46,617323;dt_70200_lasa;
Dev_LASA_01_side;Deviatoio Lasa 01 side;;44,829;76,312;SC;0;0;1;867;10,696534;46,617433;dt_70200_lasa;
Pa_I_LASA_31_side;Part. Int. N1 Lasa 31 side;merano;44,945;76,428;signal_mainline;0;0;1;867;10,695539;46,618071;existing;
LASA_side;Lasa side;;44,962;76,445;LdS_side;1;1;1;867;10,695247;46,618255;existing;
Pa_I_LASA_32_side;Part. Int. N2 Lasa 32 side;malles;45,102;76,585;signal_mainline;0;0;1;867;10,694016;46,619055;existing;
Dev_LASA_02_side;Deviatoio Lasa 02 side;;45,188;76,671;SC;0;0;1;867;10,693053;46,61965;dt_lasa_oris;
Pr_I_LASA_52_side;Prot. Int. N1 Lasa 52 side;merano;45,238;76,721;signal_mainline;0;0;1;867,06;10,692567;46,619939;dt_lasa_oris;
Pa_I_LASA_62_side;Part. Int. N1 Lasa 62 side;malles;45,309;76,792;signal_mainline;0;0;1;867,21;10,691891;46,620385;dt_lasa_oris;
PL29_side;PL29 side;;45,335;76,818;PL;0;0;1;867,27;10,691647;46,620543;dt_lasa_oris;
Pr_I_LASA_72_side;Prot. Int. N2 Lasa 72 side;merano;45,382;76,865;signal_mainline;0;0;1;867,37;10,691189;46,620821;dt_lasa_oris;
Pa_E_LASA_82_side;Part. Est. Lasa 82 side;malles;45,499;76,982;signal_mainline;0;0;1;867,62;10,689949;46,621398;dt_lasa_oris;
Pr_E_LASA_02_side;Prot. Est. Lasa 02 side;merano;45,65;77,133;signal_mainline;0;0;1;867,94;10,688254;46,622094;dt_lasa_oris;
HD_701_01_side;HD 701/01 side;both;46,65;78,133;signal_mainline;0;0;1;870,1;10,676211;46,625171;dt_lasa_oris;
SblLasa46915_side;SblLasa46915 side;;46,915;78,398;Sbl;0;0;1;870,67;10,672842;46,625554;dt_lasa_oris;
HD_701_03_side;HD 701/03 side;both;47,65;79,133;signal_mainline;0;0;1;872,26;10,663337;46,625333;dt_lasa_oris;
Pr_E_ORIS_01_side;Prot. Est. Oris 01 side;malles;48,848;80,331;signal_mainline;0;0;1;874,84;10,647935;46,626217;dt_lasa_oris;
Pr_I_ORIS_71_side;Prot. Int. Oris 71 side;malles;48,949;80,432;signal_mainline;0;0;1;875;10,646782;46,626442;side;
Dev_ORIS_01_side;Deviatoio Oris 01 side;;48,919;80,402;SC;0;0;1;874,95;10,647018;46,626397;side;
PL30_side;PL30 side;;48,973;80,456;PL;0;0;1;875;10,646519;46,626493;side;
Pa_ORIS_31_side;Part. Oris 31 side;merano;48,998;80,481;signal_mainline;0;0;1;875;10,64624;46,626549;side;
ORIS_side;Oris side;;49,02;80,503;LdS_side;1;0;1;875;10,645741;46,626644;side;
Pa_ORIS_32_side;Part. Oris 32 side;malles;49,147;80,63;signal_mainline;0;0;1;875,12;10,64418;46,626972;side;
Pr_E_ORIS_02_side;Prot. Est. Oris 02 side;merano;49,297;80,78;signal_mainline;0;0;1;875,78;10,642265;46,627326;dt_oris_spon;
HD_702_02_side;HD 702/02 side;both;50,297;81,78;signal_mainline;0;0;1;880,18;10,629643;46,629503;dt_oris_spon;
Pr_E_SPON_01_side;Prot. Est. Spondigna 01 side;malles;51,279;82,762;signal_mainline;0;0;1;884,51;10,617278;46,631408;dt_oris_spon;
Pa_E_SPON_81_side;Part. Est. Spondigna 81 side;merano;51,451;82,934;signal_mainline;0;0;1;885,26;10,615314;46,63217;dt_oris_spon;
Pr_I_SPON_71_side;Prot. Int. N2 Spondigna 71 side;malles;51,62;83,103;signal_mainline;0;0;1;886;10,613547;46,632909;dt_oris_spon;
PL31_side;PL31 side;;51,644;83,127;PL;0;0;1;886;10,613351;46,63299;dt_oris_spon;
Pr_I_SPON_51_side;Prot. Int. N1 Spondigna 51 side;malles;51,652;83,135;signal_mainline;0;0;1;886;10,613185;46,633063;dt_oris_spon;
Pa_I_SPON_61_side;Part. Int. N1 Spondigna 61 side;merano;51,668;83,151;signal_mainline;0;0;1;886;10,613024;46,633144;dt_oris_spon;
Dev_SPON_01_side;Deviatoio Spondigna 01 side;;51,672;83,155;SC;0;0;1;886;10,61289;46,633211;dt_oris_spon;
Pa_I_SPON_31_side;Part. Int. N2 Spondigna 31 side;merano;51,789;83,272;signal_mainline;0;0;1;886;10,611594;46,633794;existing;
SPON_side;Spondigna side;;51,867;83,35;LdS_side;1;0;1;886;10,610744;46,634198;existing;
Pa_I_SPON_32_side;Part. Int. Spondigna 32 side;malles;51,986;83,469;signal_mainline;0;0;1;886;10,609853;46,634623;existing;
Dev_SPON_02_side;Deviatoio Spondigna 02 side;;52,061;83,544;SC;0;0;1;886;10,608947;46,63504;dt_spon_slu;
Pr_I_SPON_52_side;Prot. Int. N1 Spondigna 52 side;merano;52,111;83,594;signal_mainline;0;0;1;886;10,608096;46,635415;dt_spon_slu;
Pa_E_SPON_62_side;Part. Est. Spondigna 62 side;malles;52,429;83,912;signal_mainline;0;0;1;886,11;10,604524;46,63638;dt_spon_slu;
PL32_side;PL32 side;;52,454;83,937;PL;0;0;1;886,12;10,604213;46,636498;dt_spon_slu;
Pr_I_SPON_72_side;Prot. Int. N2 Spondigna 72 side;merano;52,48;83,963;signal_mainline;0;0;1;886,13;10,603703;46,636701;dt_spon_slu;
Pr_E_SPON_02_side;Prot. Est. Spondigna 02 side;merano;52,58;84,063;signal_mainline;0;0;1;886,42;10,602643;46,637288;dt_spon_slu;
HD_801_02_side;HD 801/02 side;both;53,58;85,063;signal_mainline;0;0;1;895,82;10,594618;46,644347;dt_spon_slu;
HD_801_04_side;HD 801/04 side;both;54,58;86,063;signal_mainline;0;0;1;905,22;10,589495;46,652537;dt_spon_slu;
SblSpon54860_side;SblSpon54860 side;;54,86;86,343;Sbl;0;0;1;907,85;10,588476;46,654967;dt_spon_slu;
km86800_side;km86800 side;;55,317;86,8;km;0;0;1;912,15;10,587065;46,658947;dt_spon_slu;
HD_801_06_side;HD 801/06 side;both;55,58;87,063;signal_mainline;0;0;1;914,62;10,585477;46,660968;dt_spon_slu;
HD_801_07_side;HD 801/07 side;malles;56,027;87,51;signal_mainline;0;0;1;918,82;10,581878;46,663927;dt_spon_slu;
SLU_side;Sluderno side;;56,146;87,629;LdS_side;1;0;1;919;10,581438;46,664961;dt_spon_slu, dt_slu_mal;
HD_801_08_side;HD 801/08 side;merano;56,397;87,88;signal_mainline;0;0;1;922,55;10,580961;46,667172;dt_slu_mal;
HD_801_10_side;HD 801/10 side;both;57,229;88,712;signal_mainline;0;0;1;942,13;10,574703;46,672875;dt_slu_mal;
HD_801_12_side;HD 801/12 side;both;58,229;89,712;signal_mainline;0;0;1;965,67;10,563633;46,675866;dt_slu_mal;
SblSpon58860_side;SblSpon58860 side;;58,86;90,343;Sbl;0;0;1;980,52;10,556225;46,678266;dt_slu_mal;
Pr_E_MAL_01_side;Prot. Est. Malles 01 side;malles;59,103;90,586;signal_mainline;0;0;1;986,23;10,554138;46,679926;dt_slu_mal;
Pa_E_MAL_61_side;Part. Est. Malles 61 side;merano;59,254;90,737;signal_mainline;0;0;1;989,79;10,554168;46,681284;dt_slu_mal;
Pr_I_MAL_51_side;Prot. Int. Malles 51 side;malles;59,515;90,998;signal_mainline;0;0;1;995,93;10,552636;46,683207;dt_slu_mal;
Dev_MAL_05_side;Deviatoio Malles 05 side;;59,633;91,116;SC;0;0;1;998;10,551757;46,683426;dt_slu_mal;
Pa_I_MAL_31d_side;Part. Int. Malles 31d side;merano;59,721;91,204;signal_mainline;0;0;1;998;10,550367;46,683744;existing;
MAL_side;Malles side;both;59,853;91,336;LdS_side;1;1;1;998;10,548409;46,684187;existing;
Dev_HD201/08_side;Deviatoio HD201/08 side;;8,146;39,629;SC;0;0;1;462,27;11,105534;46,675472;dt_mar_tel;
Dev_HD201/08;Deviatoio HD201/08;;8,146;39,629;SC;0;0;0;462,27;11,105587;46,675505;base;